movieId,poster_url
1,https://image.tmdb.org/t/p/w500/uXDfjJbdP4ijW5hWSBrPrlKpxab.jpg
2,https://m.media-amazon.com/images/M/MV5BYTFkMjFmODgtYzRiZi00NmQwLTliZWMtMzRhMWQ5ZmY3ZDExXkEyXkFqcGc@._V1_.jpg
3,https://image.tmdb.org/t/p/w500/1FSXpj5e8l4KH6nVFO5SPUeraOt.jpg
4,https://image.tmdb.org/t/p/w500/3s9O5af2xWKWR5JzP2iJZpZeQQg.jpg
5,https://m.media-amazon.com/images/M/MV5BYzFlNzg2NTMtZmQ2MS00NzhjLTgxZGUtNzcxYzQ2MTU3YWFmXkEyXkFqcGc@._V1_.jpg
6,https://m.media-amazon.com/images/M/MV5BMTkxYjU1OTMtYWViZC00ZjAzLWI3MDktZGQ2N2VmMjVjNDRlXkEyXkFqcGc@._V1_.jpg
7,https://m.media-amazon.com/images/M/MV5BYTU1Yjc1YjctNzJlZS00Y2UxLTkxNGQtMjVlNGUwNGNmZDFjXkEyXkFqcGc@._V1_.jpg
8,https://m.media-amazon.com/images/M/MV5BNDM4YTBjODEtZmY4NC00MWNiLWEzOGMtMzM0ZmVhZGFlYzg3XkEyXkFqcGc@._V1_.jpg
9,https://m.media-amazon.com/images/M/MV5BMzRiZjExZGMtNDExMy00Mzc5LWFhMzctOWU2YmI2ZmJjMmYyXkEyXkFqcGc@._V1_.jpg
10,https://m.media-amazon.com/images/M/MV5BOGQxNmYyY2YtZGIyNy00ODgxLThhZWEtZGIyNjJhYzFlOTllXkEyXkFqcGc@._V1_.jpg
11,https://m.media-amazon.com/images/M/MV5BNzQzNTBhOTMtNmUzMy00MzQyLTk3NzQtM2EwNDIwZDQwYjE5XkEyXkFqcGc@._V1_.jpg
12,https://m.media-amazon.com/images/M/MV5BMzc4NjkyOTktMDlhNC00MDI5LTgxNGEtNjRhMzVmMjFhZTIyXkEyXkFqcGc@._V1_.jpg
13,https://m.media-amazon.com/images/M/MV5BMmU4MjVlZTMtMDRhMi00NjkzLWFhNzQtMDcwMTUwNWYxZTZiXkEyXkFqcGc@._V1_.jpg
14,https://m.media-amazon.com/images/M/MV5BMmE2YjM0NGItZmE3Yy00NjMxLWEzOGItNmY4ZWVkNDVlYzNkXkEyXkFqcGc@._V1_.jpg
15,https://m.media-amazon.com/images/M/MV5BZTQ3OWY2NTctOTAyNS00MThjLTgyZjEtNzgzZGNiZDNhODUyXkEyXkFqcGc@._V1_.jpg
16,https://m.media-amazon.com/images/M/MV5BZjY3OTg0MWItZmY3OS00Y2M2LWEzMjgtNjAzYTk5MWNlODNmXkEyXkFqcGc@._V1_.jpg
17,https://m.media-amazon.com/images/M/MV5BMTU0OGRkMzUtOWE0Ny00N2U0LTljMTUtYjM2YmUwYWM4MmQ3XkEyXkFqcGc@._V1_.jpg
18,https://m.media-amazon.com/images/M/MV5BYmFlYTQyYjItNzQ5OC00MjZkLTk4ZTItMjA5OTNjMzkwZmFjXkEyXkFqcGc@._V1_.jpg
19,https://m.media-amazon.com/images/M/MV5BZTQyOGEzM2QtM2JmOS00NDlmLTg2N2UtNmNhOTI2OWYyMjVlXkEyXkFqcGc@._V1_.jpg
20,https://m.media-amazon.com/images/M/MV5BODgwMDEyMDUtZDFhYi00OTAwLThmYzYtNzI5NjUxNGEzMjJiXkEyXkFqcGc@._V1_.jpg
21,https://m.media-amazon.com/images/M/MV5BODUyNzQzODQ2MV5BMl5BanBnXkFtZTcwNzkwNDk5NA@@._V1_.jpg
25,https://m.media-amazon.com/images/M/MV5BMTAzOTYwMDc5ODheQTJeQWpwZ15BbWU2MDI2Mzc4OQ@@._V1_.jpg
32,https://image.tmdb.org/t/p/w500/aBw8zYuAljVM1qvKqlFcaMwYm0Z.jpg
34,https://image.tmdb.org/t/p/w500/b9gTJKLdSbwcQRKftjdV9tr8lHu.jpg
39,https://image.tmdb.org/t/p/w500/yFihWxQcmqcaXdaDpxxjC.jpg
47,https://image.tmdb.org/t/p/w500/6yoghtyTpznpBik8EngEmJskVUO.jpg
48,https://image.tmdb.org/t/p/w500/2lECpi35Hnbpa4y46JX0aY3AWTy.jpg
50,https://image.tmdb.org/t/p/w500/bUP17S2176nJ3R624s9f9k0p.jpg
110,https://image.tmdb.org/t/p/w500/or1gBugydmjToiUqIMRwMN56LXR.jpg
150,https://image.tmdb.org/t/p/w500/811DjJTon9gD6hZ8nCjSitaIXFQ.jpg
153,https://image.tmdb.org/t/p/w500/hN12586259n64c0X1Xj0X9Xz9X.jpg
161,https://image.tmdb.org/t/p/w500/hN12586259n64c0X1Xj0X9Xz9X.jpg
165,https://image.tmdb.org/t/p/w500/hN12586259n64c0X1Xj0X9Xz9X.jpg
260,https://image.tmdb.org/t/p/w500/6FfCtAuVAW8XJjZ7eWeLibRLWTw.jpg
293,https://image.tmdb.org/t/p/w500/fR2v2sN5m1G2tXF9rF8a5r5.jpg
296,https://image.tmdb.org/t/p/w500/d5iIlFn5s0ImszYzBPb8JPIfbXD.jpg
316,https://image.tmdb.org/t/p/w500/hN12586259n64c0X1Xj0X9Xz9X.jpg
318,https://image.tmdb.org/t/p/w500/q6y0Go1tsGEsmtFryDOJo3dEmqu.jpg
344,https://image.tmdb.org/t/p/w500/yFihWxQcmqcaXdaDpxxjC.jpg
356,https://image.tmdb.org/t/p/w500/saHP97rTPS5eLmrLQEcANmKrsFl.jpg
364,https://image.tmdb.org/t/p/w500/sKCr78MXSLixwmZ8DyJLrpMsd15.jpg
367,https://image.tmdb.org/t/p/w500/q719jXXEzOoYaps6babgKnONONX.jpg
377,https://image.tmdb.org/t/p/w500/u3bZgnGQ9TWASq28QCRuXFIAl2f.jpg
457,https://image.tmdb.org/t/p/w500/hN12586259n64c0X1Xj0X9Xz9X.jpg
480,https://image.tmdb.org/t/p/w500/oU7Oq2kFAAlGqbU4VoNCQaHTbdk.jpg
527,https://image.tmdb.org/t/p/w500/sF1U4EUQS8YHUYjNl3pTXMYnljO.jpg
541,https://image.tmdb.org/t/p/w500/3W0v956XxSG5xgm7LB6qu8ExYJ2.jpg
588,https://image.tmdb.org/t/p/w500/3s5mr6t2iZfW2N2Q9j4f4.jpg
589,https://image.tmdb.org/t/p/w500/vlxJHkBfC3QfS5k490.jpg
593,https://image.tmdb.org/t/p/w500/rplLJ2hPcOQmkFhTqUte0MkEaO2.jpg
608,https://image.tmdb.org/t/p/w500/w7RDIgQM6bLT7JXtH4i4.jpg
780,https://image.tmdb.org/t/p/w500/jS15a.jpg
858,https://image.tmdb.org/t/p/w500/3bhkrj58Vtu7enYsRolD1fZdja1.jpg
1097,https://image.tmdb.org/t/p/w500/prMUg4.jpg
1196,https://image.tmdb.org/t/p/w500/7BuH8itoDDemLo6YNEqUM8496l9.jpg
1197,https://image.tmdb.org/t/p/w500/7WsyChQLEftFiDOVTGkv3hFpyyt.jpg
1198,https://image.tmdb.org/t/p/w500/ceG9VzoRAVGwivFU403Wc3AHRys.jpg
1210,https://image.tmdb.org/t/p/w500/5UU3bY.jpg
1214,https://image.tmdb.org/t/p/w500/2TeJfUz3wolxUyLSAVjoPHpROJ.jpg
1240,https://image.tmdb.org/t/p/w500/eI28.jpg
1265,https://image.tmdb.org/t/p/w500/sl7F.jpg
1270,https://image.tmdb.org/t/p/w500/oZkT.jpg
1291,https://image.tmdb.org/t/p/w500/39d.jpg
1580,https://image.tmdb.org/t/p/w500/f89U3ADr1oiB1s9GkdPOEpXUk5H.jpg
1704,https://image.tmdb.org/t/p/w500/6WBeq4fCfn7AN0o21W9qNcRF2l9.jpg
1721,https://image.tmdb.org/t/p/w500/9xjZS2rlVxm8SFx8kPC3aIGCOYQ.jpg
2028,https://image.tmdb.org/t/p/w500/w2PMyoyLU22YvrGKQspY2j5RPp7.jpg
2329,https://image.tmdb.org/t/p/w500/xCIHBc3n11jG66e.jpg
2571,https://image.tmdb.org/t/p/w500/f89U3ADr1oiB1s9GkdPOEpXUk5H.jpg
2762,https://image.tmdb.org/t/p/w500/4q2NNj4S5dG2RLF9CpXsej7yXl.jpg
2858,https://image.tmdb.org/t/p/w500/h5J4W4ive189AmN.jpg
2959,https://image.tmdb.org/t/p/w500/pB8BM7pdSp6B6Ih7QZ4DrQ3PmJK.jpg
3578,https://image.tmdb.org/t/p/w500/uS15Au.jpg
3996,https://image.tmdb.org/t/p/w500/kiwO58MM.jpg
4226,https://image.tmdb.org/t/p/w500/khsj.jpg
4306,https://image.tmdb.org/t/p/w500/qJ2tW6WMUDux911r6m7haRef0WH.jpg
4886,https://image.tmdb.org/t/p/w500/eKi8dIr8mpCdD67.jpg
4993,https://image.tmdb.org/t/p/w500/6oom5QYQ2yQTMJIbnvbkBL9cHo6.jpg
5816,https://image.tmdb.org/t/p/w500/qjAH13.jpg
5952,https://image.tmdb.org/t/p/w500/5VTN0nR8Enthghbp5ECAu8.jpg
6377,https://image.tmdb.org/t/p/w500/eN1T.jpg
6539,https://image.tmdb.org/t/p/w500/t.jpg
6874,https://image.tmdb.org/t/p/w500/6u.jpg
7153,https://image.tmdb.org/t/p/w500/rCzpDGLbOoPwLjy3OAm5NUPOTrC.jpg
7361,https://image.tmdb.org/t/p/w500/kOVEVeg59E0ws.jpg
8961,https://image.tmdb.org/t/p/w500/2.jpg
33794,https://image.tmdb.org/t/p/w500/w.jpg
44191,https://image.tmdb.org/t/p/w500/w7.jpg
48780,https://image.tmdb.org/t/p/w500/ycTypeZ9.jpg
58559,https://image.tmdb.org/t/p/w500/qJ2tW6WMUDux911r6m7haRef0WH.jpg
59315,https://image.tmdb.org/t/p/w500/78lPtwv72eTNqFW9COBYI0dWDJa.jpg
60069,https://image.tmdb.org/t/p/w500/eWdyYQreja6JGCzqHWXpVr.jpg
68157,https://image.tmdb.org/t/p/w500/hE24GYddaxB9MVZl1C6tW.jpg
68954,https://image.tmdb.org/t/p/w500/or06FN3Dka5tukK1e9sl16pB3iy.jpg
72998,https://image.tmdb.org/t/p/w500/kyeqWdyUXW608qlYkRqosgbbJyK.jpg
79132,https://image.tmdb.org/t/p/w500/9gk7adHYeDvHkCSEqAvQNLV5Uge.jpg
79702,https://image.tmdb.org/t/p/w500/w9kR8qbmQ01HwnvK4alvnQ2ca0L.jpg
89745,https://image.tmdb.org/t/p/w500/RYMX2wcKCBAr24UyPD7xwmjaTn.jpg
91500,https://image.tmdb.org/t/p/w500/jRXYjXNq0Cs2TcJjLkki24MLp7u.jpg
91529,https://image.tmdb.org/t/p/w500/811DjJTon9gD6hZ8nCjSitaIXFQ.jpg
99114,https://image.tmdb.org/t/p/w500/4ss4052TqAV0oF4ue7xP7Q0Ev0h.jpg
109374,https://image.tmdb.org/t/p/w500/gEU2QniE6E77NI6lCU6MxlNBvIx.jpg
109487,https://image.tmdb.org/t/p/w500/gEU2QniE6E77NI6lCU6MxlNBvIx.jpg
112552,https://image.tmdb.org/t/p/w500/iiZZdoQBEYBv6id8su7ImL0oCbD.jpg
112852,https://image.tmdb.org/t/p/w500/74xTEgt7R36Fpooo50r9T25onhq.jpg
115617,https://image.tmdb.org/t/p/w500/rAiYTfKGqDCRIIqo664sY9XZIvQ.jpg
116797,https://image.tmdb.org/t/p/w500/3jcNjAUVNV94BT9Q3tVf5hX6g8I.jpg
122882,https://image.tmdb.org/t/p/w500/69Szs9l341Q0B33923q4852.jpg
122904,https://image.tmdb.org/t/p/w500/5Tsw7bJ9n9n5M5q2t7r4.jpg
122920,https://image.tmdb.org/t/p/w500/m1.jpg
134130,https://image.tmdb.org/t/p/w500/db32LaOibwEliAmSL2jjDF6oDdj.jpg
134853,https://image.tmdb.org/t/p/w500/jjBgi2r5cRt36xF6iNUEhzscEcb.jpg
139385,https://image.tmdb.org/t/p/w500/hE24GYddaxB9MVZl1C6tW.jpg
148626,https://image.tmdb.org/t/p/w500/xT98tLpV01RwgpldB9Z1t6.jpg
152081,https://image.tmdb.org/t/p/w500/czM5.jpg
164179,https://image.tmdb.org/t/p/w500/qjAH13.jpg
166528,https://image.tmdb.org/t/p/w500/yEs2.jpg
168252,https://image.tmdb.org/t/p/w500/tWqIfL5.jpg
174055,https://image.tmdb.org/t/p/w500/6Jj.jpg
176371,https://image.tmdb.org/t/p/w500/c9XxwwhPHdaImA2f1WEfEsbhaFB.jpg
177593,https://image.tmdb.org/t/p/w500/mY7SeH4HFFxW1hiI6cWuwCRKptN.jpg
177765,https://image.tmdb.org/t/p/w500/kOVEVeg59E0ws.jpg
179401,https://image.tmdb.org/t/p/w500/c9XxwwhPHdaImA2f1WEfEsbhaFB.jpg
179819,https://image.tmdb.org/t/p/w500/5.jpg
180031,https://image.tmdb.org/t/p/w500/8dTWj3c74bWw2p.jpg
183897,https://image.tmdb.org/t/p/w500/kOVEVeg59E0ws.jpg
187593,https://image.tmdb.org/t/p/w500/7WsyChQLEftFiDOVTGkv3hFpyyt.jpg
187595,https://image.tmdb.org/t/p/w500/q719jXXEzOoYaps6babgKnONONX.jpg
